paper_id,year,framework,code_url,head_commit,paper_url,arxiv_id,title,clone_status,path,size_mb,used_default_branch
acl2017-P17-1092,,none,https://github.com/jiyfeng/disco4textcat,db7a2dce01e74d55049eaa56d46b6960ff1c0c34,https://aclanthology.org/P17-1092/,1702.01829,Neural Discourse Structure for Text Categorization,success,/home/katrinalinux/prompt_exp/workdir/jiyfeng_disco4textcat/jiyfeng-disco4textcat-db7a2dc,0.0,False
acl2017-P17-1033,,tf,https://github.com/jhlau/topically-driven-language-model,b360d946182926347dcef16fcf384a87b0786487,https://aclanthology.org/P17-1033/,1704.08012,Topically Driven Neural Language Model,success,/home/katrinalinux/prompt_exp/workdir/jhlau_topically-driven-language-model/jhlau-topically-driven-language-model-b360d94,0.3,False
conll2017-K17-1039,,tf,https://github.com/lephong/diffmetric_coref,37543d5000911917f86a3c1747a50aec65b53c2d,https://aclanthology.org/K17-1039/,1704.04451,Optimizing Differentiable Relaxations of Coreference Evaluation Metrics,success,/home/katrinalinux/prompt_exp/workdir/lephong_diffmetric_coref/lephong-diffmetric_coref-37543d5,83.4,False
emnlp2018-D18-1445,,none,https://github.com/ukplab/emnlp2018-april,086bf954f62b2c9d03f04e175324027ed3ac3d99,https://aclanthology.org/D18-1445/,1808.09658,APRIL: Interactively Learning to Summarise by Combining Active Preference Learning and Reinforcement Learning,success,/home/katrinalinux/prompt_exp/workdir/ukplab_emnlp2018-april/UKPLab-emnlp2018-april-086bf95,5.6,False
coling2018-C18-1232,,tf,https://github.com/fudannlp/capsule4textclassification,f14644bce2e7f8adb0875c197317abe76f29d6fc,https://aclanthology.org/C18-1232/,1806.01501,Information Aggregation via Dynamic Routing for Sequence Encoding,success,/home/katrinalinux/prompt_exp/workdir/fudannlp_capsule4textclassification/FudanNLP-Capsule4TextClassification-f14644b,0.2,False
coling2018-C18-1048,,pytorch,https://github.com/diccooo/deep_enhanced_repr_for_idrr,f0c3e09034e18cf24df59aa5bd6952ca9d6acade,https://aclanthology.org/C18-1048/,1807.05154,Deep Enhanced Representation for Implicit Discourse Relation Recognition,success,/home/katrinalinux/prompt_exp/workdir/diccooo_deep_enhanced_repr_for_idrr/hxbai-Deep_Enhanced_Repr_for_IDRR-f0c3e09,0.1,False
acl2019-P19-1145,,tf,https://github.com/vanzytay/quaterniontransformers,b721db425397262bd1f1529bbbfb533123e7076f,https://aclanthology.org/P19-1145/,1906.04393,Lightweight and Efficient Neural Natural Language Processing with Quaternion Networks,success,/home/katrinalinux/prompt_exp/workdir/vanzytay_quaterniontransformers/vanzytay-QuaternionTransformers-b721db4,0.3,False
emnlp2019-D19-1297,,,https://github.com/junjieli0704/asn,779e8fcbff0efd271bfaca1086b0f151ec67a8a5,https://aclanthology.org/D19-1297/,,Attribute-aware Sequence Network for Review Summarization,empty_or_readme_only,/home/katrinalinux/prompt_exp/workdir/junjieli0704_asn/Junjieli0704-ASN-779e8fc,,
acl2019-P19-1422,,none,https://github.com/falcondai/lm-steganography,f0ee4b0097a90ffe368c52adf61f2601970c0435,https://aclanthology.org/P19-1422/,1907.06679,Towards Near-imperceptible Steganographic Text,success,/home/katrinalinux/prompt_exp/workdir/falcondai_lm-steganography/falcondai-lm-steganography-f0ee4b0,0.1,False
coling2020-2020.coling-main.471,,,https://github.com/yukiyakiz/automatic_glossing,3f97e80534a9bab7b46c35d94de6dfef84f0646b,https://aclanthology.org/2020.coling-main.471/,,Automatic Interlinear Glossing for Under-Resourced Languages Leveraging Translations,success,/home/katrinalinux/prompt_exp/workdir/yukiyakiz_automatic_glossing/yukiyakiZ-Automatic_Glossing-3f97e80,0.6,False
acl2020-2020.acl-main.199,,,https://github.com/ibm/gnn-taxo-construction,3619f694025f6347d2bda8fa06a4d7f1144a34fa,https://aclanthology.org/2020.acl-main.199/,,Taxonomy Construction of Unseen Domains via Graph-based Cross-Domain Knowledge Transfer,success,/home/katrinalinux/prompt_exp/workdir/ibm_gnn-taxo-construction/IBM-gnn-taxo-construction-3619f69,104.3,False
acl2020-2020.acl-main.454,,pytorch,https://github.com/esdurmus/summary-faithfulness,60a996970b005d1321c86a7ad10327bfd7e197b6,https://aclanthology.org/2020.acl-main.454/,2005.03754,FEQA: A Question Answering Evaluation Framework for Faithfulness Assessment in Abstractive Summarization,success,/home/katrinalinux/prompt_exp/workdir/esdurmus_summary-faithfulness/esdurmus-feqa-60a9969,0.0,False
eacl2021-2021.eacl-main.219,,tf,https://github.com/jameshargreaves12/incremental_beam_manipulation,2ffbcef16910b2d7746e2849ea9b7b256dc26371,https://aclanthology.org/2021.eacl-main.219/,2102.02574,Incremental Beam Manipulation for Natural Language Generation,success,/home/katrinalinux/prompt_exp/workdir/jameshargreaves12_incremental_beam_manipulation/jamesHargreaves12-incremental_beam_manipulation-2ffbcef,12.0,False
emnlp2021-2021.emnlp-main.705,,pytorch,https://github.com/hkust-knowcomp/cskb-population,4fa04c43401506dc6702e5755712f57a3d70766b,https://aclanthology.org/2021.emnlp-main.705/,2109.07679,Benchmarking Commonsense Knowledge Base Population with an Effective Evaluation Dataset,success,/home/katrinalinux/prompt_exp/workdir/hkust-knowcomp_cskb-population/HKUST-KnowComp-CSKB-Population-4fa04c4,3.5,False
acl2021-2021.acl-short.133,,pytorch,https://github.com/yangalan123/wm-sra,8823716d17df7a680558799624cb3aaa87bc19e3,https://aclanthology.org/2021.acl-short.133/,2106.02792,Weakly-Supervised Methods for Suicide Risk Assessment: Role of Related Domains,success,/home/katrinalinux/prompt_exp/workdir/yangalan123_wm-sra/yangalan123-WM-SRA-8823716,0.0,False
emnlp2022-2022.emnlp-main.350,,pytorch,https://github.com/microsoft/contextualsp,369743e32ccfb47a7e2eefa7ac2d9be46d874696,https://aclanthology.org/2022.emnlp-main.350/,2301.01067,Towards Knowledge-Intensive Text-to-SQL Semantic Parsing with Formulaic Knowledge,success,/home/katrinalinux/prompt_exp/workdir/microsoft_contextualsp/microsoft-ContextualSP-369743e,507.4,False
coling2022-2022.coling-1.138,,none,https://github.com/amazon-research/mintaka,b6146ffb41562803c45df3c028b4cdad8c09dd4d,https://aclanthology.org/2022.coling-1.138/,2210.01613,"Mintaka: A Complex, Natural, and Multilingual Dataset for End-to-End Question Answering",success,/home/katrinalinux/prompt_exp/workdir/amazon-research_mintaka/amazon-science-mintaka-b6146ff,48.4,False
emnlp2022-2022.emnlp-main.821,,pytorch,https://github.com/caoyu-noob/tasa,4c5a522bc6c96fb1039c5f3d3a2c9b8e3d8db14d,https://aclanthology.org/2022.emnlp-main.821/,2210.15221,TASA: Deceiving Question Answering Models by Twin Answer Sentences Attack,success,/home/katrinalinux/prompt_exp/workdir/caoyu-noob_tasa/caoyu-noob-TASA-4c5a522,152.4,False
